-- MySQL dump 10.13  Distrib 8.0.44, for Linux (aarch64)
--
-- Host: atlas.blanktopus.com    Database: invoictopus
-- ------------------------------------------------------
-- Server version	5.5.68-MariaDB

/*!40101 SET @OLD_CHARACTER_SET_CLIENT=@@CHARACTER_SET_CLIENT */;
/*!40101 SET @OLD_CHARACTER_SET_RESULTS=@@CHARACTER_SET_RESULTS */;
/*!40101 SET @OLD_COLLATION_CONNECTION=@@COLLATION_CONNECTION */;
/*!50503 SET NAMES utf8mb4 */;
/*!40103 SET @OLD_TIME_ZONE=@@TIME_ZONE */;
/*!40103 SET TIME_ZONE='+00:00' */;
/*!40014 SET @OLD_UNIQUE_CHECKS=@@UNIQUE_CHECKS, UNIQUE_CHECKS=0 */;
/*!40014 SET @OLD_FOREIGN_KEY_CHECKS=@@FOREIGN_KEY_CHECKS, FOREIGN_KEY_CHECKS=0 */;
/*!40101 SET @OLD_SQL_MODE=@@SQL_MODE, SQL_MODE='NO_AUTO_VALUE_ON_ZERO' */;
/*!40111 SET @OLD_SQL_NOTES=@@SQL_NOTES, SQL_NOTES=0 */;

--
-- Table structure for table `t_invoice`
--

DROP TABLE IF EXISTS `t_invoice`;
/*!40101 SET @saved_cs_client     = @@character_set_client */;
/*!50503 SET character_set_client = utf8mb4 */;
CREATE TABLE `t_invoice` (
  `id` int(11) NOT NULL AUTO_INCREMENT,
  `supplier_name` varchar(255) NOT NULL,
  `supplier_address_1` varchar(255) DEFAULT NULL,
  `supplier_address_2` varchar(255) DEFAULT NULL,
  `supplier_company_nr` varchar(255) DEFAULT NULL,
  `supplier_vat_nr` varchar(255) DEFAULT NULL,
  `customer_name` varchar(255) NOT NULL,
  `customer_address_1` varchar(255) DEFAULT NULL,
  `customer_address_2` varchar(255) DEFAULT NULL,
  `customer_company_nr` varchar(255) DEFAULT NULL,
  `customer_vat_nr` varchar(255) DEFAULT NULL,
  `bank_account_nr` varchar(255) DEFAULT NULL,
  `invoice_date` date NOT NULL,
  `taxable_date` date NOT NULL,
  `due_date` date NOT NULL,
  `total_currency` varchar(3) NOT NULL DEFAULT 'CZK',
  PRIMARY KEY (`id`)
) ENGINE=InnoDB AUTO_INCREMENT=182 DEFAULT CHARSET=utf8;
/*!40101 SET character_set_client = @saved_cs_client */;

--
-- Dumping data for table `t_invoice`
--

LOCK TABLES `t_invoice` WRITE;
/*!40000 ALTER TABLE `t_invoice` DISABLE KEYS */;
INSERT INTO `t_invoice` VALUES (54,'Vladimír Bártek','Špitálská 669/8','190 00 Praha 9','04572777','Neplátce DPH','Shoptet s.r.o.','Dvořeckého 628/8','169 00 Praha','28935675','CZ28935675','670100-2201399432/6210','2019-09-01','2019-08-31','2019-09-16','CZK'),(56,'Vladimír Bártek','Špitálská 669/8','190 00 Praha 9','04572777','Neplátce DPH','Shoptet s.r.o.','Dvořeckého 628/8','169 00 Praha','28935675','CZ28935675','670100-2201399432/6210','2019-09-03','2019-08-31','2019-09-18','CZK'),(57,'Vladimír Bártek','Špitálská 669/8','190 00 Praha 9','04572777','Neplátce DPH','Shoptet s.r.o.','Dvořeckého 628/8','169 00 Praha','28935675','CZ28935675','670100-2201399432/6210','2019-10-01','2019-09-30','2019-10-16','CZK'),(58,'Vladimír Bártek','Špitálská 669/8','190 00 Praha 9','04572777','Neplátce DPH','Shoptet s.r.o.','Dvořeckého 628/8','169 00 Praha','28935675','CZ28935675','670100-2201399432/6210','2019-10-25','2019-10-25','2019-11-09','CZK'),(59,'Vladimír Bártek','Špitálská 669/8','190 00 Praha 9','04572777','Neplátce DPH','Shoptet s.r.o.','Dvořeckého 628/8','169 00 Praha','28935675','CZ28935675','670100-2201399432/6210','2019-11-03','2019-10-31','2019-11-18','CZK'),(60,'Vladimír Bártek','Špitálská 669/8','190 00 Praha 9','04572777','Neplátce DPH','Shoptet s.r.o.','Dvořeckého 628/8','169 00 Praha','28935675','CZ28935675','670100-2201399432/6210','2019-12-01','2019-11-30','2019-12-16','CZK'),(61,'Vladimír Bártek','Špitálská 669/8','190 00 Praha 9','04572777','Neplátce DPH','Shoptet s.r.o.','Dvořeckého 628/8','169 00 Praha','28935675','CZ28935675','670100-2201399432/6210','2019-12-13','2019-11-30','2019-12-28','CZK'),(62,'Vladimír Bártek','Špitálská 669/8','190 00 Praha 9','04572777','Neplátce DPH','Shoptet s.r.o.','Dvořeckého 628/8','169 00 Praha','28935675','CZ28935675','670100-2201399432/6210','2020-01-02','2019-12-31','2020-01-17','CZK'),(63,'Vladimír Bártek','Zahájí 10','277 37 Chorušice','04572777','Neplátce DPH','Shoptet s.r.o.','Dvořeckého 628/8','169 00 Praha','28935675','CZ28935675','670100-2201399432/6210','2020-02-03','2020-01-31','2020-02-18','CZK'),(64,'Vladimír Bártek','Zahájí 10','277 37 Chorušice','04572777','Neplátce DPH','Shoptet s.r.o.','Dvořeckého 628/8','169 00 Praha','28935675','CZ28935675','670100-2201399432/6210','2020-03-01','2020-02-29','2020-03-16','CZK'),(65,'Vladimír Bártek','Zahájí 10','277 37 Chorušice','04572777','Neplátce DPH','Shoptet s.r.o.','Dvořeckého 628/8','169 00 Praha','28935675','CZ28935675','670100-2201399432/6210','2020-04-01','2020-03-31','2020-04-16','CZK'),(66,'Vladimír Bártek','Zahájí 10','277 37 Chorušice','04572777','Neplátce DPH','Shoptet s.r.o.','Dvořeckého 628/8','169 00 Praha','28935675','CZ28935675','670100-2201399432/6210','2020-05-01','2020-04-30','2020-05-16','CZK'),(67,'Vladimír Bártek','Zahájí 10','277 37 Chorušice','04572777','Neplátce DPH','Petra Pospíšilová','Pod Lihovarem 1/2483','251 01 Říčany','86560905','-','670100-2201399432/6210','2020-05-23','2019-12-31','2020-06-23','CZK'),(68,'Vladimír Bártek','Zahájí 10','277 37 Chorušice','04572777','Neplátce DPH','Bc. Martin Jaroš','Dopravní 500/9','104 00 Praha - Uhříněves','74750381','-','670100-2201399432/6210','2020-05-23','2020-01-01','2020-06-23','CZK'),(69,'Vladimír Bártek','Zahájí 10','277 37 Chorušice','04572777','Neplátce DPH','Shoptet s.r.o.','Dvořeckého 628/8','169 00 Praha','28935675','CZ28935675','670100-2201399432/6210','2020-06-01','2020-05-31','2020-06-16','CZK'),(70,'Vladimír Bártek','Zahájí 10','277 37 Chorušice','04572777','Neplátce DPH','Shoptet s.r.o.','Dvořeckého 628/8','169 00 Praha','28935675','CZ28935675','670100-2201399432/6210','2020-06-30','2020-06-30','2020-07-15','CZK'),(71,'Vladimír Bártek','Zahájí 10','277 37 Chorušice','04572777','Neplátce DPH','Shoptet s.r.o.','Dvořeckého 628/8','169 00 Praha','28935675','CZ28935675','670100-2201399432/6210','2020-08-03','2020-07-31','2020-08-18','CZK'),(72,'Vladimír Bártek','Zahájí 10','277 37 Chorušice','04572777','Neplátce DPH','Shoptet a.s.','Dvořeckého 628/8','169 00 Praha','28935675','CZ28935675','670100-2201399432/6210','2020-08-31','2020-08-31','2020-09-15','CZK'),(73,'Vladimír Bártek','Zahájí 10','277 37 Chorušice','04572777','Neplátce DPH','Iveta Tomanová','Dlouhá 165','250 63 Veleň','','','670100-2201399432/6210','2020-09-10','2020-08-31','2020-10-10','CZK'),(74,'Vladimír Bártek','Zahájí 10','277 37 Chorušice','04572777','Neplátce DPH','DuKaS Praha s.r.o.','Malešická 2842/16a','Praha 3, 130 00','28215273','CZ28215273','670100-2201399432/6210','2020-09-16','2020-09-16','2020-10-01','CZK'),(75,'Vladimír Bártek','Zahájí 10','277 37 Chorušice','04572777','Neplátce DPH','Shoptet, a.s.','Dvořeckého 628/8','169 00 Praha','28935675','CZ28935675','670100-2201399432/6210','2020-10-04','2020-09-30','2020-10-19','CZK'),(76,'Vladimír Bártek','Zahájí 10','277 37 Chorušice','04572777','Neplátce DPH','STAVTRANS, spol s.r.o.','Tiskařská 617/4a','108 00, Praha 10 - Malešice','48028134','CZ48028134','670100-2201399432/6210','2020-10-07','2020-10-07','2020-10-22','CZK'),(77,'Vladimír Bártek','Zahájí 10','277 37 Chorušice','04572777','Neplátce DPH','DuKaS Praha s.r.o.','Malešická 2842/16a','Praha 3, 130 00','28215273','CZ28215273','670100-2201399432/6210','2020-10-09','2020-09-30','2020-10-24','CZK'),(78,'Vladimír Bártek','Zahájí 10','277 37 Chorušice','04572777','Neplátce DPH','Shoptet, a.s.','Dvořeckého 628/8','169 00 Praha','28935675','CZ28935675','670100-2201399432/6210','2020-11-01','2020-10-31','2020-11-16','CZK'),(79,'Vladimír Bártek','Zahájí 10','277 37 Chorušice','04572777','Neplátce DPH','DuKaS Praha s.r.o.','Malešická 2842/16a','Praha 3, 130 00','28215273','CZ28215273','670100-2201399432/6210','2020-11-08','2020-10-31','2020-11-23','CZK'),(80,'Vladimír Bártek','Zahájí 10','277 37 Chorušice','04572777','Neplátce DPH','Shoptet, a.s.','Dvořeckého 628/8','169 00 Praha','28935675','CZ28935675','670100-2201399432/6210','2020-12-01','2020-11-30','2020-12-16','CZK'),(81,'Vladimír Bártek','Zahájí 10','277 37 Chorušice','04572777','Neplátce DPH','Shoptet, a.s.','Dvořeckého 628/8','169 00 Praha','28935675','CZ28935675','670100-2201399432/6210','2020-12-09','2020-11-30','2020-12-24','CZK'),(82,'Vladimír Bártek','Zahájí 10','277 37 Chorušice','04572777','CZ8804260003','Shoptet, a.s.','Dvořeckého 628/8','169 00 Praha','28935675','CZ28935675','670100-2201399432/6210','2021-01-02','2020-12-31','2021-01-17','CZK'),(83,'Vladimír Bártek','Zahájí 10','277 37 Chorušice','04572777','CZ8804260003','Shoptet, a.s.','Dvořeckého 628/8','169 00 Praha','28935675','CZ28935675','670100-2201399432/6210','2021-02-02','2021-01-31','2021-02-17','CZK'),(84,'Vladimír Bártek','Zahájí 10','277 37 Chorušice','04572777','CZ8804260003','Bc. Martin Jaroš','Dopravní 500/9','104 00 Praha - Uhříněves','74750381','-','670100-2201399432/6210','2021-02-11','2021-02-01','2021-03-11','CZK'),(85,'Vladimír Bártek','Zahájí 10','277 37 Chorušice','04572777','CZ8804260003','Petra Pospíšilová','Pod Lihovarem 1/2483','251 01 Říčany','86560905','-','670100-2201399432/6210','2021-02-16','2021-02-01','2021-03-16','CZK'),(86,'Vladimír Bártek','Zahájí 10','277 37 Chorušice','04572777','CZ8804260003','Shoptet, a.s.','Dvořeckého 628/8','169 00 Praha','28935675','CZ28935675','670100-2201399432/6210','2021-03-01','2021-02-28','2021-03-16','CZK'),(87,'Vladimír Bártek','Zahájí 10','277 37 Chorušice','04572777','CZ8804260003','Shoptet, a.s.','Dvořeckého 628/8','169 00 Praha','28935675','CZ28935675','670100-2201399432/6210','2021-04-01','2021-03-31','2021-04-16','CZK'),(90,'Vladimír Bártek','Zahájí 10','277 37 Chorušice','04572777','CZ8804260003','RJ - TRADING s.r.o.','Budějovická 673/44','390 02 Tábor','03119319','CZ03119319','670100-2201399432/6210','2021-04-16','2021-04-15','2021-05-16','CZK'),(91,'Vladimír Bártek','Zahájí 10','277 37 Chorušice','04572777','CZ8804260003','Shoptet, a.s.','Dvořeckého 628/8','169 00 Praha','28935675','CZ28935675','670100-2201399432/6210','2021-05-01','2021-04-30','2021-05-16','CZK'),(92,'Vladimír Bártek','Zahájí 10','277 37 Chorušice','04572777','CZ8804260003','Shoptet, a.s.','Dvořeckého 628/8','169 00 Praha','28935675','CZ28935675','670100-2201399432/6210','2021-06-03','2021-05-31','2021-06-18','CZK'),(93,'Vladimír Bártek','Zahájí 10','277 37 Chorušice','04572777','CZ8804260003','DuKaS Praha s.r.o.','Malešická 2842/16a','Praha 3, 130 00','28215273','CZ28215273','670100-2201399432/6210','2021-06-17','2021-06-17','2021-07-02','CZK'),(94,'Vladimír Bártek','Zahájí 10','277 37 Chorušice','04572777','CZ8804260003','Shoptet, a.s.','Dvořeckého 628/8','169 00 Praha','28935675','CZ28935675','670100-2201399432/6210','2021-07-01','2021-06-30','2021-07-16','CZK'),(95,'Vladimír Bártek','Zahájí 10','277 37 Chorušice','04572777','CZ8804260003','Iveta Tomanová','Dlouhá 165','250 63 Veleň','','','670100-2201399432/6210','2021-07-27','2021-07-26','2021-08-27','CZK'),(96,'Vladimír Bártek','Zahájí 10','277 37 Chorušice','04572777','CZ8804260003','Shoptet, a.s.','Dvořeckého 628/8','169 00 Praha','28935675','CZ28935675','670100-2201399432/6210','2021-08-01','2021-07-31','2021-08-16','CZK'),(97,'Vladimír Bártek','Zahájí 10','277 37 Chorušice','04572777','CZ8804260003','Shoptet, a.s.','Dvořeckého 628/8','169 00 Praha','28935675','CZ28935675','670100-2201399432/6210','2021-09-01','2021-08-31','2021-09-16','CZK'),(98,'Vladimír Bártek','Zahájí 10','277 37 Chorušice','04572777','CZ8804260003','Shoptet, a.s.','Dvořeckého 628/8','169 00 Praha','28935675','CZ28935675','670100-2201399432/6210','2021-10-01','2021-09-30','2021-10-16','CZK'),(99,'Vladimír Bártek','Zahájí 10','277 37 Chorušice','04572777','CZ8804260003','STAVTRANS, spol s.r.o.','Tiskařská 617/4a','108 00, Praha 10 - Malešice','48028134','CZ48028134','670100-2201399432/6210','2021-10-07','2021-10-07','2021-11-07','CZK'),(100,'Vladimír Bártek','Zahájí 10','277 37 Chorušice','04572777','CZ8804260003','Shoptet, a.s.','Dvořeckého 628/8','169 00 Praha','28935675','CZ28935675','670100-2201399432/6210','2021-11-01','2021-10-31','2021-11-16','CZK'),(101,'Vladimír Bártek','Zahájí 10','277 37 Chorušice','04572777','CZ8804260003','Shoptet, a.s.','Dvořeckého 628/8','169 00 Praha','28935675','CZ28935675','670100-2201399432/6210','2021-12-01','2021-11-30','2021-12-16','CZK'),(103,'Vladimír Bártek','Zahájí 10','277 37 Chorušice','04572777','CZ8804260003','SMILE MUSIC s.r.o.','Vršovická 16','101 00, Praha 10','24212709','CZ24212709','670100-2201399432/6210','2021-12-19','2021-12-19','2022-01-03','CZK'),(104,'Vladimír Bártek','Zahájí 10','277 37 Chorušice','04572777','CZ8804260003','Shoptet, a.s.','Dvořeckého 628/8','169 00 Praha','28935675','CZ28935675','670100-2201399432/6210','2022-01-01','2021-12-31','2022-01-16','CZK'),(105,'Vladimír Bártek','Zahájí 10','277 37 Chorušice','04572777','CZ8804260003','Bc. Martin Jaroš','Dopravní 500/9','104 00 Praha - Uhříněves','74750381','-','670100-2201399432/6210','2022-02-10','2022-02-10','2022-03-10','CZK'),(106,'Vladimír Bártek','Zahájí 10','277 37 Chorušice','04572777','CZ8804260003','Petra Pospíšilová','Pod Lihovarem 1/2483','251 01 Říčany','86560905','-','670100-2201399432/6210','2022-02-10','2022-02-10','2022-03-10','CZK'),(107,'Vladimír Bártek','Zahájí 10','277 37 Chorušice','04572777','CZ8804260003','Párty Servis Mělník s.r.o.','Palackého 155','Mšeno 277 35','10777491','CZ10777491','670100-2201399432/6210','2022-04-18','2022-04-18','2022-05-18','CZK'),(109,'Vladimír Bártek','Zahájí 10','277 37 Chorušice','04572777','CZ8804260003','SMILE MUSIC s.r.o.','Vršovická 16','101 00, Praha 10','24212709','CZ24212709','670100-2201399432/6210','2022-08-08','2022-08-08','2022-09-08','CZK'),(110,'Vladimír Bártek','Zahájí 10','277 37 Chorušice','04572777','CZ8804260003','Concept 42 s.r.o.','U Vrsovického nádraží 870/8','101 00, Praha 10','28418140','CZ28418140','670100-2201399432/6210','2022-08-08','2022-08-08','2022-09-08','CZK'),(111,'Vladimír Bártek','Zahájí 10','277 37 Chorušice','04572777','CZ8804260003','Iveta Tomanová','Dlouhá 165','250 63 Veleň','','','670100-2201399432/6210','2022-08-09','2022-08-09','2022-09-09','CZK'),(112,'Vladimír Bártek','Zahájí 10','277 37 Chorušice','04572777','CZ8804260003','ScrumWorks, s.r.o.','Těšínská 9','373 61 Hrdějovice','26111161','CZ26111161','670100-2201399432/6210','2022-10-03','2022-09-30','2022-10-11','CZK'),(113,'Vladimír Bártek','Zahájí 10','277 37 Chorušice','04572777','CZ8804260003','STAVTRANS, spol s.r.o.','Tiskařská 617/4a','108 00, Praha 10 - Malešice','48028134','CZ48028134','670100-2201399432/6210','2022-10-24','2022-10-24','2022-11-24','CZK'),(114,'Vladimír Bártek','Zahájí 10','277 37 Chorušice','04572777','CZ8804260003','ScrumWorks, s.r.o.','Těšínská 9','373 61 Hrdějovice','26111161','CZ26111161','670100-2201399432/6210','2022-11-03','2022-10-31','2022-11-14','CZK'),(118,'Vladimír Bártek','Zahájí 10','277 37 Chorušice','04572777','CZ8804260003','Josef Čikara','Cimburkova 231/22','130 00 Praha','04652380','CZ8902020160','670100-2201399432/6210','2022-11-24','2022-11-24','2022-12-09','CZK'),(119,'Vladimír Bártek','Zahájí 10','277 37 Chorušice','04572777','CZ8804260003','ScrumWorks, s.r.o.','Těšínská 9','373 61 Hrdějovice','26111161','CZ26111161','670100-2201399432/6210','2022-12-05','2022-11-30','2022-12-15','CZK'),(122,'Vladimír Bártek','Zahájí 10','277 37 Chorušice','04572777',NULL,'ScrumWorks, s.r.o.','Těšínská 9','373 61 Hrdějovice','26111161','CZ26111161','670100-2201399432/6210','2022-12-16','2022-12-16','2022-12-31','CZK'),(123,'Vladimír Bártek','Zahájí 10','277 37 Chorušice','04572777',NULL,'ScrumWorks, s.r.o.','Těšínská 9','373 61 Hrdějovice','26111161','CZ26111161','670100-2201399432/6210','2023-01-03','2022-12-31','2023-01-13','CZK'),(124,'Vladimír Bártek','Zahájí 10','277 37 Chorušice','04572777',NULL,'ScrumWorks, s.r.o.','Těšínská 9','373 61 Hrdějovice','26111161','CZ26111161','670100-2201399432/6210','2023-02-01','2023-01-31','2023-02-11','CZK'),(125,'Vladimír Bártek','Zahájí 10','277 37 Chorušice','04572777',NULL,'Petra Pospíšilová','Pod Lihovarem 1/2483','251 01 Říčany','86560905','-','670100-2201399432/6210','2023-02-27','2023-02-27','2023-03-27','CZK'),(127,'Vladimír Bártek','Zahájí 10','277 37 Chorušice','04572777',NULL,'Bc. Martin Jaroš','Kurzova 2222/16','155 00, Praha 5 - Stodůlky','74750381','-','670100-2201399432/6210','2023-02-28','2023-02-28','2023-03-28','CZK'),(128,'Vladimír Bártek','Zahájí 10','277 37 Chorušice','04572777',NULL,'ScrumWorks, s.r.o.','Těšínská 9','373 61 Hrdějovice','26111161','CZ26111161','670100-2201399432/6210','2023-03-02','2023-02-28','2023-03-17','CZK'),(129,'Vladimír Bártek','Zahájí 10','277 37 Chorušice','04572777',NULL,'ScrumWorks, s.r.o.','Těšínská 9','373 61 Hrdějovice','26111161','CZ26111161','670100-2201399432/6210','2023-04-04','2023-03-31','2023-04-19','CZK'),(130,'Vladimír Bártek','Zahájí 10','277 37 Chorušice','04572777','Neplátce DPH','STAVTRANS, spol s.r.o.','Tiskařská 617/4a','108 00, Praha 10 - Malešice','48028134','CZ48028134','670100-2201399432/6210','2023-04-24','2023-04-24','2023-05-09','CZK'),(131,'Vladimír Bártek','Zahájí 10','277 37 Chorušice','04572777',NULL,'ScrumWorks, s.r.o.','Těšínská 9','373 61 Hrdějovice','26111161','CZ26111161','670100-2201399432/6210','2023-05-02','2023-04-30','2023-05-20','CZK'),(132,'Vladimír Bártek','Zahájí 10','277 37 Chorušice','04572777',NULL,'ScrumWorks, s.r.o.','Těšínská 9','373 61 Hrdějovice','26111161','CZ26111161','670100-2201399432/6210','2023-06-01','2023-05-31','2023-06-20','CZK'),(133,'Vladimír Bártek','Zahájí 10','277 37 Chorušice','04572777',NULL,'ScrumWorks, s.r.o.','Těšínská 9','373 61 Hrdějovice','26111161','CZ26111161','670100-2201399432/6210','2023-07-01','2023-06-30','2023-07-16','CZK'),(134,'Vladimír Bártek','Zahájí 10','277 37 Chorušice','04572777','Neplátce DPH','STAVTRANS, spol s.r.o.','Tiskařská 617/4a','108 00, Praha 10 - Malešice','48028134','CZ48028134','670100-2201399432/6210','2023-07-10','2023-07-10','2023-07-25','CZK'),(135,'Vladimír Bártek','Zahájí 10','277 37 Chorušice','04572777','Neplátce DPH','Párty Servis Mělník s.r.o.','Palackého 155','Mšeno 277 35','10777491','CZ10777491','670100-2201399432/6210','2023-07-11','2023-06-30','2023-07-26','CZK'),(136,'Vladimír Bártek','Zahájí 10','277 37 Chorušice','04572777',NULL,'ScrumWorks, s.r.o.','Těšínská 9','373 61 Hrdějovice','26111161','CZ26111161','670100-2201399432/6210','2023-08-01','2023-07-31','2023-08-18','CZK'),(137,'Vladimír Bártek','Zahájí 10','277 37 Chorušice','04572777',NULL,'ScrumWorks, s.r.o.','Těšínská 9','373 61 Hrdějovice','26111161','CZ26111161','670100-2201399432/6210','2023-09-01','2023-08-31','2023-09-16','CZK'),(138,'Vladimír Bártek','Zahájí 10','277 37 Chorušice','04572777',NULL,'ScrumWorks, s.r.o.','Těšínská 9','373 61 Hrdějovice','26111161','CZ26111161','670100-2201399432/6210','2023-10-03','2023-09-30','2023-10-19','CZK'),(141,'Vladimír Bártek','Zahájí 10','277 37 Chorušice','04572777',NULL,'Josef Čikara','Cimburkova 231/22','130 00 Praha','04652380','CZ8902020160','670100-2201399432/6210','2023-10-18','2023-10-18','2023-11-18','CZK'),(142,'Vladimír Bártek','Zahájí 10','277 37 Chorušice','04572777',NULL,'ScrumWorks, s.r.o.','Těšínská 9','373 61 Hrdějovice','26111161','CZ26111161','670100-2201399432/6210','2023-11-02','2023-10-31','2023-11-15','CZK'),(143,'Vladimír Bártek','Zahájí 10','277 37 Chorušice','04572777',NULL,'ScrumWorks, s.r.o.','Těšínská 9','373 61 Hrdějovice','26111161','CZ26111161','670100-2201399432/6210','2023-12-04','2023-11-30','2023-12-15','CZK'),(144,'Vladimír Bártek','Zahájí 10','277 37 Chorušice','04572777',NULL,'ScrumWorks, s.r.o.','Těšínská 9','373 61 Hrdějovice','26111161','CZ26111161','670100-2201399432/6210','2023-12-14','2023-12-14','2023-12-31','CZK'),(145,'Vladimír Bártek','Zahájí 10','277 37 Chorušice','04572777',NULL,'ScrumWorks, s.r.o.','Těšínská 9','373 61 Hrdějovice','26111161','CZ26111161','670100-2201399432/6210','2024-01-05','2023-12-31','2024-01-16','CZK'),(146,'Vladimír Bártek','Zahájí 10','277 37 Chorušice','04572777',NULL,'ScrumWorks, s.r.o.','Těšínská 9','373 61 Hrdějovice','26111161','CZ26111161','670100-2201399432/6210','2024-02-01','2024-01-31','2024-02-11','CZK'),(147,'Vladimír Bártek','Zahájí 10','277 37 Chorušice','04572777',NULL,'ScrumWorks, s.r.o.','Těšínská 9','373 61 Hrdějovice','26111161','CZ26111161','670100-2201399432/6210','2024-03-01','2024-02-29','2024-03-11','CZK'),(148,'Vladimír Bártek','Zahájí 10','277 37 Chorušice','04572777',NULL,'ScrumWorks, s.r.o.','Těšínská 9','373 61 Hrdějovice','26111161','CZ26111161','670100-2201399432/6210','2024-04-01','2024-03-31','2024-04-11','CZK'),(149,'Vladimír Bártek','Zahájí 10','277 37 Chorušice','04572777',NULL,'ScrumWorks, s.r.o.','Těšínská 9','373 61 Hrdějovice','26111161','CZ26111161','670100-2201399432/6210','2024-05-06','2024-04-30','2024-05-16','CZK'),(150,'Vladimír Bártek','Zahájí 10','277 37 Chorušice','04572777',NULL,'ScrumWorks, s.r.o.','Těšínská 9','373 61 Hrdějovice','26111161','CZ26111161','670100-2201399432/6210','2024-06-02','2024-05-31','2024-06-12','CZK'),(151,'Vladimír Bártek','Zahájí 10','277 37 Chorušice','04572777',NULL,'ScrumWorks, s.r.o.','Těšínská 9','373 61 Hrdějovice','26111161','CZ26111161','670100-2201399432/6210','2024-07-01','2024-06-30','2024-07-11','CZK'),(152,'Vladimír Bártek','Zahájí 10','277 37 Chorušice','04572777',NULL,'Josef Čikara','Cimburkova 231/22','130 00 Praha','04652380','CZ8902020160','670100-2201399432/6210','2024-07-30','2024-07-30','2024-08-14','CZK'),(153,'Vladimír Bártek','Zahájí 10','277 37 Chorušice','04572777',NULL,'ScrumWorks, s.r.o.','Těšínská 9','373 61 Hrdějovice','26111161','CZ26111161','670100-2201399432/6210','2024-08-01','2024-07-31','2024-08-11','CZK'),(154,'Vladimír Bártek','Zahájí 10','277 37 Chorušice','04572777',NULL,'ScrumWorks, s.r.o.','Těšínská 9','373 61 Hrdějovice','26111161','CZ26111161','670100-2201399432/6210','2024-09-02','2024-08-31','2024-09-11','CZK'),(155,'Vladimír Bártek','Zahájí 10','277 37 Chorušice','04572777',NULL,'ScrumWorks, s.r.o.','Těšínská 9','373 61 Hrdějovice','26111161','CZ26111161','670100-2201399432/6210','2024-09-23','2024-09-23','2024-10-08','CZK'),(156,'Vladimír Bártek','Zahájí 10','277 37 Chorušice','04572777',NULL,'ScrumWorks, s.r.o.','Těšínská 9','373 61 Hrdějovice','26111161','CZ26111161','670100-2201399432/6210','2024-09-29','2024-09-29','2024-10-14','CZK'),(157,'Vladimír Bártek','Zahájí 10','277 37 Chorušice','04572777',NULL,'ScrumWorks, s.r.o.','Těšínská 9','373 61 Hrdějovice','26111161','CZ26111161','670100-2201399432/6210','2024-10-02','2024-09-30','2024-10-12','CZK'),(158,'Vladimír Bártek','Zahájí 10','277 37 Chorušice','04572777',NULL,'Michal Šulc','Schoellerova 876/14','196 00 Praha - Čakovice','71685863','','670100-2201399432/6210','2024-10-03','2024-09-30','2024-10-31','CZK'),(159,'Vladimír Bártek','Zahájí 10','277 37 Chorušice','04572777',NULL,'ScrumWorks, s.r.o.','Těšínská 9','373 61 Hrdějovice','26111161','CZ26111161','670100-2201399432/6210','2024-11-01','2024-10-31','2024-11-11','CZK'),(160,'Vladimír Bártek','Zahájí 10','277 37 Chorušice','04572777',NULL,'ScrumWorks, s.r.o.','Těšínská 9','373 61 Hrdějovice','26111161','CZ26111161','670100-2201399432/6210','2024-12-01','2024-11-30','2024-12-16','CZK'),(161,'Vladimír Bártek','Zahájí 10','277 37 Chorušice','04572777',NULL,'ScrumWorks, s.r.o.','Těšínská 9','373 61 Hrdějovice','26111161','CZ26111161','670100-2201399432/6210','2024-12-18','2024-11-30','2025-01-02','CZK'),(162,'Vladimír Bártek','Zahájí 10','277 37 Chorušice','04572777',NULL,'ScrumWorks, s.r.o.','Těšínská 9','373 61 Hrdějovice','26111161','CZ26111161','670100-2201399432/6210','2025-01-02','2024-12-31','2025-01-12','CZK'),(163,'Vladimír Bártek','Zahájí 10','277 37 Chorušice','04572777',NULL,'ScrumWorks, s.r.o.','Těšínská 9','373 61 Hrdějovice','26111161','CZ26111161','670100-2201399432/6210','2025-02-03','2025-01-31','2025-02-13','CZK'),(164,'Vladimír Bártek','Zahájí 10','277 37 Chorušice','04572777','Neplátce DPH','SMILE MUSIC s.r.o.','Vršovická 16','101 00, Praha 10','24212709','CZ24212709','670100-2201399432/6210','2025-02-09','2025-02-09','2025-02-23','CZK'),(165,'Vladimír Bártek','Zahájí 10','277 37 Chorušice','04572777',NULL,'ScrumWorks, s.r.o.','Těšínská 9','373 61 Hrdějovice','26111161','CZ26111161','670100-2201399432/6210','2025-03-03','2025-02-28','2025-03-13','CZK'),(166,'Vladimír Bártek','Zahájí 10','277 37 Chorušice','04572777',NULL,'ScrumWorks, s.r.o.','Těšínská 9','373 61 Hrdějovice','26111161','CZ26111161','670100-2201399432/6210','2025-04-01','2025-03-31','2025-04-11','CZK'),(167,'Vladimír Bártek','Zahájí 10','277 37 Chorušice','04572777',NULL,'ScrumWorks, s.r.o.','Těšínská 9','373 61 Hrdějovice','26111161','CZ26111161','670100-2201399432/6210','2025-05-02','2025-04-30','2025-05-12','CZK'),(168,'Vladimír Bártek','Zahájí 10','277 37 Chorušice','04572777',NULL,'ScrumWorks, s.r.o.','Těšínská 9','373 61 Hrdějovice','26111161','CZ26111161','670100-2201399432/6210','2025-06-02','2025-05-31','2025-06-13','CZK'),(169,'Vladimír Bártek','Zahájí 10','277 37 Chorušice','04572777',NULL,'ScrumWorks, s.r.o.','Těšínská 9','373 61 Hrdějovice','26111161','CZ26111161','670100-2201399432/6210','2025-07-01','2025-06-30','2025-07-11','CZK'),(170,'Vladimír Bártek','Zahájí 10','277 37 Chorušice','04572777','Neplátce DPH','SMILE MUSIC s.r.o.','Vršovická 16','101 00, Praha 10','24212709','CZ24212709','670100-2201399432/6210','2025-07-08','2025-07-08','2025-08-08','CZK'),(171,'Vladimír Bártek','Zahájí 10','277 37 Chorušice','04572777',NULL,'ScrumWorks, s.r.o.','Těšínská 9','373 61 Hrdějovice','26111161','CZ26111161','670100-2201399432/6210','2025-07-14','2025-07-13','2025-07-29','CZK'),(172,'Vladimír Bártek','Zahájí 10','277 37 Chorušice','04572777',NULL,'ScrumWorks, s.r.o.','Těšínská 9','373 61 Hrdějovice','26111161','CZ26111161','670100-2201399432/6210','2025-08-01','2025-07-31','2025-08-11','CZK'),(173,'Vladimír Bártek','Zahájí 10','277 37 Chorušice','04572777',NULL,'ScrumWorks, s.r.o.','Těšínská 9','373 61 Hrdějovice','26111161','CZ26111161','670100-2201399432/6210','2025-09-02','2025-08-31','2025-09-13','CZK'),(174,'Vladimír Bártek','Zahájí 10','277 37 Chorušice','04572777',NULL,'ScrumWorks, s.r.o.','Těšínská 9','373 61 Hrdějovice','26111161','CZ26111161','670100-2201399432/6210','2025-10-01','2025-09-30','2025-10-11','CZK'),(176,'Vladimír Bártek','Zahájí 10','277 37 Chorušice','04572777',NULL,'STAVTRANS, spol s.r.o.','Tiskařská 617/4a','108 00, Praha 10 - Malešice','48028134','CZ48028134','670100-2201399432/6210','2025-10-09','2025-09-30','2025-11-09','CZK'),(178,'Vladimír Bártek','Zahájí 10','277 37 Chorušice','04572777',NULL,'ScrumWorks, s.r.o.','Těšínská 9','373 61 Hrdějovice','26111161','CZ26111161','670100-2201399432/6210','2025-11-04','2025-10-31','2025-11-15','CZK'),(179,'Vladimír Bártek','Zahájí 10','277 37 Chorušice','04572777',NULL,'ScrumWorks, s.r.o.','Těšínská 9','373 61 Hrdějovice','26111161','CZ26111161','670100-2201399432/6210','2025-12-01','2025-11-30','2025-12-11','CZK'),(180,'Vladimír Bártek','Zahájí 10','277 37 Chorušice','04572777','Neplátce DPH','STAVTRANS, spol s.r.o.','Tiskařská 617/4a','108 00, Praha 10 - Malešice','48028134','CZ48028134','670100-2201399432/6210','2025-12-16','2025-11-30','2025-12-31','CZK'),(181,'Vladimír Bártek','Zahájí 10','277 37 Chorušice','04572777',NULL,'ScrumWorks, s.r.o.','Těšínská 9','373 61 Hrdějovice','26111161','CZ26111161','670100-2201399432/6210','2025-12-18','2025-12-18','2026-01-02','CZK');
/*!40000 ALTER TABLE `t_invoice` ENABLE KEYS */;
UNLOCK TABLES;

--
-- Table structure for table `t_invoice_item`
--

DROP TABLE IF EXISTS `t_invoice_item`;
/*!40101 SET @saved_cs_client     = @@character_set_client */;
/*!50503 SET character_set_client = utf8mb4 */;
CREATE TABLE `t_invoice_item` (
  `id` int(11) NOT NULL AUTO_INCREMENT,
  `invoice_id` int(11) NOT NULL,
  `item_name` varchar(255) NOT NULL,
  `amount` int(11) NOT NULL DEFAULT '1',
  `price` float NOT NULL,
  `vat_rate` tinyint(4) NOT NULL DEFAULT '0',
  `currency` varchar(255) NOT NULL DEFAULT 'CZK',
  PRIMARY KEY (`id`),
  KEY `fk_item_invoice` (`invoice_id`),
  CONSTRAINT `fk_item_invoice` FOREIGN KEY (`invoice_id`) REFERENCES `t_invoice` (`id`)
) ENGINE=InnoDB AUTO_INCREMENT=195 DEFAULT CHARSET=utf8;
/*!40101 SET character_set_client = @saved_cs_client */;

--
-- Dumping data for table `t_invoice_item`
--

LOCK TABLES `t_invoice_item` WRITE;
/*!40000 ALTER TABLE `t_invoice_item` DISABLE KEYS */;
INSERT INTO `t_invoice_item` VALUES (1,54,'Vývoj na projektu PHP',1,75000,0,'CZK'),(7,56,'Vývoj na projektu PHP',1,75000,0,'CZK'),(9,57,'Vývoj na projektu PHP',1,75000,0,'CZK'),(10,58,'Vývoj na projektu PHP',1,25000,0,'CZK'),(11,59,'Vývoj na projektu PHP',1,50000,0,'CZK'),(12,60,'Vývoj na projektu PHP',1,75000,0,'CZK'),(13,61,'Vývoj na projektu PHP',1,7500,0,'CZK'),(16,62,'Vývoj na projektu PHP',1,75000,0,'CZK'),(22,63,'Vývoj na projektu PHP',1,79000,0,'CZK'),(23,64,'Vývoj na projektu PHP',1,79000,0,'CZK'),(26,65,'Vývoj na projektu PHP',1,79000,0,'CZK'),(28,66,'Vývoj na projektu PHP',1,84000,0,'CZK'),(30,67,'Provoz webu na rok 2020',1,1000,0,'CZK'),(31,68,'Provoz webu na rok 2020',1,1000,0,'CZK'),(34,69,'Vývoj na projektu PHP',1,79000,0,'CZK'),(35,70,'Vývoj na projektu PHP',1,79000,0,'CZK'),(36,71,'Vývoj na projektu PHP',1,79000,0,'CZK'),(37,72,'Vývoj na projektu PHP',1,79000,0,'CZK'),(38,73,'Provoz webu na službě blanktopus (365 dní)',1,1000,0,'CZK'),(39,74,'Údržba informačních systému, servisní práce',1,10050,0,'CZK'),(40,75,'Vývoj na projektu PHP',1,79000,0,'CZK'),(44,76,'Vývoj webů baravin.cz a stavtrans.cz',1,54500,0,'CZK'),(45,76,'Provoz webu baravin na 1 rok',1,1000,0,'CZK'),(46,76,'Provoz webu stavtrans na 1 rok',1,2000,0,'CZK'),(47,77,'Údržba informačních systému, servisní práce',1,8400,0,'CZK'),(48,78,'Vývoj na projektu PHP',1,79000,0,'CZK'),(49,79,'Údržba informačních systému, servisní práce',1,6150,0,'CZK'),(50,80,'Vývoj na projektu PHP',1,79000,0,'CZK'),(52,81,'Vývoj na projektu PHP',1,15800,0,'CZK'),(54,82,'Vývoj na projektu PHP',1,79000,21,'CZK'),(57,83,'Vývoj na projektu PHP',1,81630,21,'CZK'),(60,84,'Provoz webu na rok 2021',1,1000,21,'CZK'),(61,85,'Provoz webu na rok 2021',1,1000,21,'CZK'),(62,86,'Vývoj na projektu PHP',1,83942,21,'CZK'),(63,87,'Vývoj na projektu PHP',1,87042,21,'CZK'),(66,90,'Vizuální úpravy obchodu centrumvytapeni.cz',1,1500,21,'CZK'),(67,91,'Vývoj na projektu PHP',1,84337,21,'CZK'),(68,92,'Vývoj na projektu PHP',1,92468,21,'CZK'),(69,93,'servisní práce IT',1,10050,21,'CZK'),(70,94,'Vývoj na projektu PHP',1,84337,21,'Kč'),(71,95,'Provoz webu na službě blanktopus (365 dní)',1,1000,21,'Kč'),(72,96,'Vývoj na projektu PHP',1,84337,21,'Kč'),(73,97,'Vývoj na projektu PHP',1,84337,21,'Kč'),(74,98,'Vývoj na projektu PHP',1,84337,21,'Kč'),(75,99,'Provoz, podpora www.baravin.cz - 1 rok',1,1000,21,'Kč'),(76,99,'Provoz, podpora www.stavtrans.cz - 1 rok',1,2000,21,'Kč'),(79,100,'Vývoj na projektu PHP',1,84337,21,'Kč'),(81,101,'Vývoj na projektu PHP',1,84337,21,'Kč'),(83,103,'Práce na webu spark magazine (h)',69,400,21,'Kč'),(84,104,'Vývoj na projektu PHP',1,84337,21,'Kč'),(85,105,'Provoz webu na rok 2022',1,1000,21,'Kč'),(86,106,'Provoz webu na rok 2021',1,1000,21,'Kč'),(87,107,'Zhotovení webových stránek',1,5000,21,'Kč'),(92,109,'Práce na webu spark magazine (h)',159,400,21,'Kč'),(93,109,'Sleva - mobilní web (h)',-10,400,21,'Kč'),(94,109,'Sleva - nedokončené notifikace (h)',-12,400,21,'Kč'),(95,109,'Provoz serveru 3/2022 - 7/2022 (měsíce)',5,400,21,'Kč'),(96,110,'Vývojářské práce pro webovou aplikaci (h)',10,400,21,'Kč'),(97,111,'Provoz webu na službě blanktopus (365 dní)',1,1000,21,'Kč'),(98,112,'Vývoj na platformě amateri.com (hod)',144,750,21,'Kč'),(99,113,'Provoz, podpora www.stavtrans.cz - 1 rok',1,2000,21,'Kč'),(100,113,'Provoz, podpora www.baravin.cz - 1 rok',1,1000,21,'Kč'),(101,114,'Vývoj na platformě amateri.com (hod)',128,750,21,'Kč'),(105,118,'Pokročilé programování - kurz',1,11570.2,21,'Kč'),(117,119,'Vývoj na platformě amateri.com (hod)',144,750,21,'Kč'),(120,122,'Vývoj na platformě amateri.com (hod)',40,500,0,'Kč'),(121,123,'Vývoj na platformě amateri.com (hod)',136,750,0,'Kč'),(122,124,'Vývoj na platformě amateri.com (hod)',136,750,0,'Kč'),(123,125,'Provoz webu na rok 2023',1,1000,0,'Kč'),(125,127,'Provoz webu na rok 2023',1,1000,0,'Kč'),(126,128,'Vývoj na platformě amateri.com (hod)',136,750,0,'Kč'),(127,129,'Vývoj na platformě amateri.com (hod)',168,750,0,'Kč'),(128,130,'stavtrans.cz - promo akce Rockfon',1,3000,0,'Kč'),(129,131,'Vývoj na platformě amateri.com (hod)',136,750,0,'Kč'),(130,132,'Vývoj na platformě amateri.com (hod)',136,750,0,'Kč'),(131,133,'Vývoj na platformě amateri.com (hod)',136,750,0,'Kč'),(132,134,'stavtrans.cz - úpravy dle dohody',1,4000,0,'Kč'),(133,135,'Provoz webových stránek',1,1000,0,'Kč'),(134,136,'Vývoj na platformě amateri.com (hod)',136,750,0,'Kč'),(135,137,'Vývoj na platformě amateri.com (hod)',152,750,0,'Kč'),(136,138,'Vývoj na platformě amateri.com (hod)',144,750,0,'Kč'),(140,141,'Pokročilé programování - 4týd. kurz (den)',20,1500,0,'Kč'),(141,142,'Vývoj na platformě amateri.com (hod)',160,750,0,'Kč'),(142,143,'Vývoj na platformě amateri.com (hod)',152,750,0,'Kč'),(143,143,'Vývoj na platformě amateri.com (hod)',152,750,0,'Kč'),(144,144,'Vývoj na platformě amateri.com (hod)',100,500,0,'Kč'),(145,145,'Vývoj na platformě amateri.com (hod)',120,750,0,'Kč'),(146,146,'Vývoj na platformě amateri.com (hod)',144,750,0,'Kč'),(147,147,'Vývoj na platformě amateri.com (hod)',128,750,0,'Kč'),(148,148,'Vývoj na platformě amateri.com (hod)',136,750,0,'Kč'),(149,149,'Vývoj na platformě amateri.com (hod)',144,750,0,'Kč'),(150,150,'Vývoj na platformě amateri.com (hod)',144,750,0,'Kč'),(151,151,'Vývoj na platformě amateri.com (hod)',128,750,0,'Kč'),(152,152,'Pokročilé programování - 4týd. kurz (den)',20,1500,0,'Kč'),(154,153,'Vývoj na platformě amateri.com (hod)',160,750,0,'Kč'),(155,154,'Vývoj na platformě amateri.com (hod)',160,750,0,'Kč'),(156,155,'Vývoj na platformě amateri.com (hod)',48,750,0,'Kč'),(157,156,'Zajištění firemní oslavy',1,10000,0,'Kč'),(158,157,'Vývoj na platformě amateri.com (hod)',144,750,0,'Kč'),(159,158,'vývoj aplikace',4,750,0,'Kč'),(160,159,'Vývoj na platformě amateri.com (hod)',184,750,0,'Kč'),(161,160,'Vývoj na platformě amateri.com (hod)',160,750,0,'Kč'),(162,161,'Vývoj na platformě amateri.com (hod)',80,750,0,'Kč'),(163,162,'Vývoj na platformě amateri.com (hod)',176,750,0,'Kč'),(164,163,'Vývoj na platformě amateri.com (hod)',176,750,0,'Kč'),(165,164,'asistence u převodu e-shopu Fullmoon',1,9000,0,'Kč'),(167,165,'Vývoj na platformě amateri.com (hod)',160,750,0,'Kč'),(168,166,'Vývoj na platformě amateri.com (hod)',176,750,0,'Kč'),(169,167,'Vývoj na platformě amateri.com (hod)',176,750,0,'Kč'),(170,168,'Vývoj na platformě amateri.com (hod)',176,750,0,'Kč'),(171,169,'Vývoj na platformě amateri.com (hod)',168,750,0,'Kč'),(172,170,'asistence u převodu e-shopu sparkshop.cz',1,28000,0,'Kč'),(173,171,'Vývoj na platformě amateri.com (hod)',200,500,0,'Kč'),(174,172,'Vývoj na platformě amateri.com (hod)',184,750,0,'Kč'),(175,173,'Vývoj na platformě amateri.com (hod)',168,750,0,'Kč'),(176,174,'Vývoj na platformě amateri.com (hod)',176,750,0,'Kč'),(180,176,'Provoz, podpora www.baravin.cz - 1 rok',1,1000,0,'Kč'),(181,176,'Provoz, podpora www.stavtrans.cz - 1 rok',1,2000,0,'Kč'),(184,178,'Vývoj na platformě amateri.com (hod)',176,750,0,'Kč'),(185,178,'Licence WARP 1 rok',1,1800,0,'Kč'),(192,179,'Vývoj na platformě amateri.com (hod)',152,750,0,'Kč'),(193,180,'stavtrans.cz - úpravy novinek',1,4000,0,'Kč'),(194,181,'Vývoj na platformě amateri.com (hod)',300,500,0,'Kč');
/*!40000 ALTER TABLE `t_invoice_item` ENABLE KEYS */;
UNLOCK TABLES;

--
-- Table structure for table `t_migration`
--

DROP TABLE IF EXISTS `t_migration`;
/*!40101 SET @saved_cs_client     = @@character_set_client */;
/*!50503 SET character_set_client = utf8mb4 */;
CREATE TABLE `t_migration` (
  `migration_id` varchar(255) CHARACTER SET latin1 NOT NULL,
  `migrated_date` datetime DEFAULT NULL,
  PRIMARY KEY (`migration_id`)
) ENGINE=InnoDB DEFAULT CHARSET=utf8;
/*!40101 SET character_set_client = @saved_cs_client */;

--
-- Dumping data for table `t_migration`
--

LOCK TABLES `t_migration` WRITE;
/*!40000 ALTER TABLE `t_migration` DISABLE KEYS */;
INSERT INTO `t_migration` VALUES ('001_invoice_table','2019-08-11 17:55:42'),('002_invoice_data_structure_tweaks','2019-08-11 18:09:32'),('003_invoice_item_foreign_key','2019-08-11 18:13:34'),('004_column_name_styles','2019-08-11 21:39:02');
/*!40000 ALTER TABLE `t_migration` ENABLE KEYS */;
UNLOCK TABLES;
/*!40103 SET TIME_ZONE=@OLD_TIME_ZONE */;

/*!40101 SET SQL_MODE=@OLD_SQL_MODE */;
/*!40014 SET FOREIGN_KEY_CHECKS=@OLD_FOREIGN_KEY_CHECKS */;
/*!40014 SET UNIQUE_CHECKS=@OLD_UNIQUE_CHECKS */;
/*!40101 SET CHARACTER_SET_CLIENT=@OLD_CHARACTER_SET_CLIENT */;
/*!40101 SET CHARACTER_SET_RESULTS=@OLD_CHARACTER_SET_RESULTS */;
/*!40101 SET COLLATION_CONNECTION=@OLD_COLLATION_CONNECTION */;
/*!40111 SET SQL_NOTES=@OLD_SQL_NOTES */;

-- Dump completed on 2025-12-29  8:53:02
